<?xml version="1.0" encoding="UTF-8"?>
<!DOCTYPE manifesto SYSTEM "file:/C:/Users/KIKO/Desktop/GIT/EngenhariaInformatica/PLC/PRI/manifesto/manifest.dtd">
<manifesto>
    <meta>
        <id>PRI_18/19_TPC3</id>
        <título>Criação de um website para o Corão</título>
        <subtítulo></subtítulo>
        <dinício>Setembro de 2018</dinício>
        <dfim>Setembro de 2018</dfim>
        <supervisor>
            <nome>José Carlos Ramalho</nome>
            <email>jcr@di.uminho.pt</email>
            <website>http://www4.di.uminho.pt/~jcr/</website>
        </supervisor>
    </meta>
    <equipe>
        <elemento>
            <id>a78416</id>
            <nome>Francisco José Moreira Oliveira</nome>
            <email>a78416@alunos.uminho.pt</email>
            <website></website>
            <foto path="https://i.imgur.com/0HAVOHz.jpg"/>
        </elemento>
    </equipe>
    <resumo>
        <para>Este <b><i>trabalho</i></b> contém também um ficheiro XSL que será usada para converter
                o nosso <i>quran.xml</i> num website constituido por um <i>index.html</i> 
                e vários <i>suras.html</i>.</para>
        <para>O index tem depois um indice com <i>links</i> para todas as <i>suras</i> que quando clickado
                nos levam para um outro ficheiro html referente à sura em questao</para>
    </resumo>
    <resultados>
        <resultado path="manifesto-tp3.xml">XML do manifesto</resultado>
        <resultado path="manifesto-tp3.html">HTML do manifesto</resultado>
        <resultado path="manifesto.xsl">XSL do manifesto</resultado>
        <resultado path="quran.xsl">Quran XSL</resultado>
        <resultado path="website/">Pasta com o website</resultado>
        <resultado path="website/index.html">Index da pagina</resultado>
    </resultados>
</manifesto>